{
  "project_info": {
    "project_number": "335284121552",
    "firebase_url": "https://sunny-6c30c.firebaseio.com",
    "project_id": "sunny-6c30c",
    "storage_bucket": "sunny-6c30c.appspot.com"
  },
  "client": [
    {
      "client_info": {
        "mobilesdk_app_id": "1:335284121552:android:61e7c5ea426580855593d5",
        "android_client_info": {
          "package_name": "com.example.sunny"
        }
      },
      "oauth_client": [
        {
          "client_id": "335284121552-mmbf95q1otbhefihoko4id1ut23o9l3j.apps.googleusercontent.com",
          "client_type": 1,
          "android_info": {
            "package_name": "com.example.sunny",
            "certificate_hash": "b8506e3033df69bf7c1bb457b5b53d7431b016c9"
          }
        },
        {
          "client_id": "335284121552-i3v3cvi9sigkrd5okgevma5k9am3bhoq.apps.googleusercontent.com",
          "client_type": 3
        }
      ],
      "api_key": [
        {
          "current_key": "AIzaSyDsYQ7F5ZbZL13tqktrnDlAXn-wnm7wrWI"
        }
      ],
      "services": {
        "appinvite_service": {
          "other_platform_oauth_client": [
            {
              "client_id": "335284121552-i3v3cvi9sigkrd5okgevma5k9am3bhoq.apps.googleusercontent.com",
              "client_type": 3
            }
          ]
        }
      }
    }
  ],
  "configuration_version": "1"
}